mat_1,mat_2,mat_3,mat_4,degradation
0.5869336724281311,0.013016544282436371,0.40004289150238037,6.906154339958448e-06,0.067089997231960297
