algorithm,seed,n_pareto,hv,feasible_pct,mean_violation,evals,walltime_s,notes
idc,0,617,nan,93.84116693679093,2.6901022097876773e-06,0,0.0,re-checked from result.csv
nsga2,42,100,1905.115462533772,100.0,0.0,400000,84.20639330003178,
nsga3,42,10,1181.6784409012093,100.0,0.0,400000,92.46708769997349,
