algorithm,seed,n_pareto,hv,feasible_pct,mean_violation,evals,walltime_s,notes
idc,0,12924,nan,47.70968740328072,3.906624114139352e-05,0,0.0,re-checked from result.csv
nsga2,42,18,1509691.6216612137,100.0,0.0,40000,54.60540800000308,
nsga3,42,5,958022.5653910075,100.0,0.0,40000,55.50983580001048,
