algorithm,seed,n_pareto,hv,feasible_pct,mean_violation,evals,walltime_s,notes
idc,0,863,nan,2.549246813441483,7.666524840672074e-05,0,0.0,re-checked from result.csv
nsga2,42,100,849755.175030569,100.0,4.0245140553452075e-13,400000,527.1593558000168,
nsga3,42,2,817083.165412956,100.0,4.547473508864641e-13,400000,502.21821150003234,
