mat_1,mat_2,mat_3,mat_4,degradation
0.0083339978,0.263155878,0.184328377,0.544181764,0.00162650645
