algorithm,seed,n_pareto,hv,feasible_pct,mean_violation,evals,walltime_s,notes
idc,0,585,nan,0.5128205128205128,0.00011731353623149633,0,0.0,re-checked from result.csv
nsga2,42,100,0.0,100.0,3.637978807091713e-13,400000,89.27131849998841,
nsga3,42,9,0.0,100.0,0.0,400000,109.60583229997428,
